-- phpMyAdmin SQL Dump
-- version 4.8.3
-- https://www.phpmyadmin.net/
--
-- Host: 127.0.0.1
-- Waktu pembuatan: 26 Nov 2019 pada 08.32
-- Versi server: 10.1.37-MariaDB
-- Versi PHP: 7.2.12

SET SQL_MODE = "NO_AUTO_VALUE_ON_ZERO";
SET AUTOCOMMIT = 0;
START TRANSACTION;
SET time_zone = "+00:00";


/*!40101 SET @OLD_CHARACTER_SET_CLIENT=@@CHARACTER_SET_CLIENT */;
/*!40101 SET @OLD_CHARACTER_SET_RESULTS=@@CHARACTER_SET_RESULTS */;
/*!40101 SET @OLD_COLLATION_CONNECTION=@@COLLATION_CONNECTION */;
/*!40101 SET NAMES utf8mb4 */;

--
-- Database: `dbwalisongo`
--

-- --------------------------------------------------------

--
-- Struktur dari tabel `tbl_agenda`
--

CREATE TABLE `tbl_agenda` (
  `agenda_id` int(11) NOT NULL,
  `agenda_nama` varchar(200) DEFAULT NULL,
  `agenda_tanggal` timestamp NULL DEFAULT CURRENT_TIMESTAMP,
  `agenda_deskripsi` text,
  `agenda_mulai` date DEFAULT NULL,
  `agenda_selesai` date DEFAULT NULL,
  `agenda_tempat` varchar(90) DEFAULT NULL,
  `agenda_waktu` varchar(30) DEFAULT NULL,
  `agenda_keterangan` varchar(200) DEFAULT NULL,
  `agenda_author` varchar(60) DEFAULT NULL
) ENGINE=InnoDB DEFAULT CHARSET=latin1;

--
-- Dumping data untuk tabel `tbl_agenda`
--

INSERT INTO `tbl_agenda` (`agenda_id`, `agenda_nama`, `agenda_tanggal`, `agenda_deskripsi`, `agenda_mulai`, `agenda_selesai`, `agenda_tempat`, `agenda_waktu`, `agenda_keterangan`, `agenda_author`) VALUES
(1, 'Penyembelihan Hewan Kurban Idul Adha 2020', '2020-01-22 06:18:01', 'Idul Adha yang biasa disebut lebaran haji atapun lebaran kurban sangat identik dengan penyembelihan hewan kurban.SMK Walisongo Jakarta, tahun ini juga melakukan penyembelihan hewan kurban. Yang rencananya akan dihadiri oleh guru-guru, siswa dan pengurus OSIS.', '2020-09-24', '2020-09-25', 'SMK Walisongo Jakarta', '08.00 - 11.00 WIB', 'Dihadiri oleh guru-guru, siswa dan pengurus OSIS', 'Nabil'),
(2, 'Peluncuran Website Resmi SMK Walisongo Jakarta', '2019-01-22 06:26:33', 'Peluncuran website resmi  SMK Walisongo Jakarta, sebagai media informasi dan akademik online untuk pelayanan pendidikan yang lebih baik kepada siswa, orangtua, dan masyarakat pada umumnya semakin meningkat.', '2019-11-18', '2017-11-19', 'Website SMK Walisongo Jakarta', '07.30 - 12.00 WIB', '-', 'Nabil'),
(3, 'Penerimaan Raport Semester Ganjil Tahun Ajaran 2019-2020', '2020-01-22 06:29:49', 'Berakhirnya semester ganjil tahun pelajaran 2019-2020, ditandai dengan pembagian laporan hasil belajar.', '2019-11-17', '2019-11-18', 'SMK Walisongo Jakarta', '07.30 - 12.00 WIB', 'Untuk kelas VII dan IX, pembagian raport dimulai pukul 07.30 WIB. Sedangkan untuk kelas X pada pukul 09.00 WIB. Raport diambil oleh orang tua/wali murid masing-masing.', 'Nabil');

-- --------------------------------------------------------

--
-- Struktur dari tabel `tbl_album`
--

CREATE TABLE `tbl_album` (
  `album_id` int(11) NOT NULL,
  `album_nama` varchar(50) DEFAULT NULL,
  `album_tanggal` timestamp NULL DEFAULT CURRENT_TIMESTAMP,
  `album_pengguna_id` int(11) DEFAULT NULL,
  `album_author` varchar(60) DEFAULT NULL,
  `album_count` int(11) DEFAULT '0',
  `album_cover` varchar(40) DEFAULT NULL
) ENGINE=InnoDB DEFAULT CHARSET=latin1;

--
-- Dumping data untuk tabel `tbl_album`
--

INSERT INTO `tbl_album` (`album_id`, `album_nama`, `album_tanggal`, `album_pengguna_id`, `album_author`, `album_count`, `album_cover`) VALUES
(1, 'Kedatangan Tamu Asing', '2016-09-08 13:00:55', 1, 'Nabil', 6, '24a4bd0a0474430e9678c41073b034e4.jpg'),
(3, 'Pemilu Osis 2016-2017', '2017-01-21 01:58:16', 1, 'Nabil', 3, '24a4bd0a0474430e9678c41073b034e4.jpg'),
(4, 'Kegiatan Belajar Siswa', '2017-01-24 01:31:13', 1, 'Nabil', 8, '24a4bd0a0474430e9678c41073b034e4.jpg');

-- --------------------------------------------------------

--
-- Struktur dari tabel `tbl_files`
--

CREATE TABLE `tbl_files` (
  `file_id` int(11) NOT NULL,
  `file_judul` varchar(120) DEFAULT NULL,
  `file_deskripsi` text,
  `file_tanggal` timestamp NULL DEFAULT CURRENT_TIMESTAMP,
  `file_oleh` varchar(60) DEFAULT NULL,
  `file_download` int(11) DEFAULT '0',
  `file_data` varchar(120) DEFAULT NULL
) ENGINE=InnoDB DEFAULT CHARSET=latin1;

--
-- Dumping data untuk tabel `tbl_files`
--

INSERT INTO `tbl_files` (`file_id`, `file_judul`, `file_deskripsi`, `file_tanggal`, `file_oleh`, `file_download`, `file_data`) VALUES
(2, 'Dasar-dasar CSS', 'Modul dasar-dasar CSS 3. Modul ini membantu anda untuk memahami struktur dasar CSS', '2017-01-23 04:30:01', 'Drs. Joko', 0, 'ab9a183ff240deadbedaff78e639af2f.pdf'),
(3, '14 Teknik Komunikasi Yang Paling Efektif', 'Ebook 14 teknik komunikasi paling efektif membantu anda untuk berkomunikasi dengan baik dan benar', '2017-01-23 15:26:06', 'Drs. Joko', 0, 'ab2cb34682bd94f30f2347523112ffb9.pdf'),
(4, 'Bagaimana Membentuk Pola Pikir yang Baru', 'Ebook ini membantu anda membentuk pola pikir baru.', '2017-01-23 15:27:07', 'Drs. Joko', 0, '30f588eb5c55324f8d18213f11651855.pdf'),
(5, '7 Tips Penting mengatasi Kritik', '7 Tips Penting mengatasi Kritik', '2017-01-23 15:27:44', 'Drs. Joko', 0, '329a62b25ad475a148e1546aa3db41de.docx'),
(6, '8 Racun dalam kehidupan kita', '8 Racun dalam kehidupan kita', '2017-01-23 15:28:17', 'Drs. Joko', 0, '8e38ad4948ba13758683dea443fbe6be.docx'),
(7, 'Jurnal Teknolgi Informasi', 'Jurnal Teknolgi Informasi', '2017-01-25 03:18:53', 'Gunawan, S.Pd', 0, '87ae0f009714ddfdd79e2977b2a64632.pdf'),
(8, 'Jurnal Teknolgi Informasi 2', 'Jurnal Teknolgi Informasi', '2017-01-25 03:19:22', 'Gunawan, S.Pd', 0, 'c4e966ba2c6e142155082854dc5b3602.pdf'),
(9, 'Naskah Publikasi IT', 'Naskah Teknolgi Informasi', '2017-01-25 03:21:04', 'Gunawan, S.Pd', 0, '71380b3cf16a17a02382098c028ece9c.pdf'),
(10, 'Modul Teknologi Informasi', 'Modul Teknologi Informasi', '2017-01-25 03:22:08', 'Gunawan, S.Pd', 0, '029143a3980232ab2900d94df36dbb0c.pdf'),
(11, 'Modul Teknologi Informasi Part II', 'Modul Teknologi Informasi', '2017-01-25 03:22:54', 'Gunawan, S.Pd', 0, 'ea8f3f732576083156e509657614f551.pdf'),
(12, 'Modul Teknologi Informasi Part III', 'Modul Teknologi Informasi', '2017-01-25 03:23:21', 'Gunawan, S.Pd', 0, 'c5e5e7d16e4cd6c3d22c11f64b0db2af.pdf');

-- --------------------------------------------------------

--
-- Struktur dari tabel `tbl_galeri`
--

CREATE TABLE `tbl_galeri` (
  `galeri_id` int(11) NOT NULL,
  `galeri_judul` varchar(60) DEFAULT NULL,
  `galeri_tanggal` timestamp NULL DEFAULT CURRENT_TIMESTAMP,
  `galeri_gambar` varchar(40) DEFAULT NULL,
  `galeri_album_id` int(11) DEFAULT NULL,
  `galeri_pengguna_id` int(11) DEFAULT NULL,
  `galeri_author` varchar(60) DEFAULT NULL
) ENGINE=InnoDB DEFAULT CHARSET=latin1;

--
-- Dumping data untuk tabel `tbl_galeri`
--

INSERT INTO `tbl_galeri` (`galeri_id`, `galeri_judul`, `galeri_tanggal`, `galeri_gambar`, `galeri_album_id`, `galeri_pengguna_id`, `galeri_author`) VALUES
(19, 'LDKS', '2019-11-17 17:27:01', '5149b1375fe1294cb6c7f0ad63473ff7.jpg', 1, 1, 'Nabil'),
(20, 'LDKS 2018', '2019-11-26 06:37:26', '84c8d6a33d8c5d912e87464799776ed6.jpg', 4, 1, 'Nabil'),
(21, 'LDKS 2019', '2019-11-26 06:43:58', '1000eb29ae3c02009953e15c66e92fd6.jpg', 4, 1, 'Nabil');

-- --------------------------------------------------------

--
-- Struktur dari tabel `tbl_guru`
--

CREATE TABLE `tbl_guru` (
  `guru_id` int(11) NOT NULL,
  `guru_nip` varchar(30) DEFAULT NULL,
  `guru_nama` varchar(70) DEFAULT NULL,
  `guru_jenkel` varchar(2) DEFAULT NULL,
  `guru_tmp_lahir` varchar(80) DEFAULT NULL,
  `guru_tgl_lahir` varchar(80) DEFAULT NULL,
  `guru_mapel` varchar(120) DEFAULT NULL,
  `guru_photo` varchar(40) DEFAULT NULL,
  `guru_tgl_input` timestamp NULL DEFAULT CURRENT_TIMESTAMP
) ENGINE=InnoDB DEFAULT CHARSET=latin1;

--
-- Dumping data untuk tabel `tbl_guru`
--

INSERT INTO `tbl_guru` (`guru_id`, `guru_nip`, `guru_nama`, `guru_jenkel`, `guru_tmp_lahir`, `guru_tgl_lahir`, `guru_mapel`, `guru_photo`, `guru_tgl_input`) VALUES
(1, '201843501866', 'Nabil', 'L', 'Jakarta', '15 Juli 2000', 'Teknik Komputer', 'e2977d021b76851ae4851e82edc00cc0.png', '2019-01-26 07:49:43'),
(2, '927482658274981', 'Thomas Muller', 'L', 'Germany', '25 September 1989', 'Olahgara', 'bb55a471459af7a6042eba2d7e9b6134.png', '2019-01-26 13:38:54'),
(3, '-', 'Joko Subroto', 'L', 'Jakarta', '25 September 1989', 'PPKN, Matematika', 'user_blank.png', '2019-01-26 13:41:20'),
(4, '-', 'Kusta Otomo', 'L', 'Jakarta', '25 September 1989', 'Seni Budaya', 'user_blank.png', '2019-01-26 13:42:08'),
(5, '-', 'Yuliani Ningsih', 'P', 'Padang', '27 September 1993', 'Bahasa Indonesia', 'user_blank.png', '2019-01-26 13:42:48'),
(6, '927482658274993', 'Ari Hidayat', 'L', 'Padang', '25 September 1993', 'Bahasa Inggris', 'user_blank.png', '2019-01-26 13:43:46'),
(7, '927482658274998', 'Irma Cantika', 'P', 'Padang', '25 September 1993', 'Bahasa Inggris, IPA', '5804d83293ea3f087677fde4b5c06525.png', '2019-01-26 13:45:11'),
(8, '-', 'Ririn Febriesta', 'P', 'Padang', '27 September 1994', 'Pend. Agama Islam', 'user_blank.png', '2019-01-27 04:28:23');

-- --------------------------------------------------------

--
-- Struktur dari tabel `tbl_inbox`
--

CREATE TABLE `tbl_inbox` (
  `inbox_id` int(11) NOT NULL,
  `inbox_nama` varchar(40) DEFAULT NULL,
  `inbox_email` varchar(60) DEFAULT NULL,
  `inbox_kontak` varchar(20) DEFAULT NULL,
  `inbox_pesan` text,
  `inbox_tanggal` timestamp NULL DEFAULT CURRENT_TIMESTAMP,
  `inbox_status` int(11) DEFAULT '1' COMMENT '1=Belum dilihat, 0=Telah dilihat'
) ENGINE=InnoDB DEFAULT CHARSET=latin1;

--
-- Dumping data untuk tabel `tbl_inbox`
--

INSERT INTO `tbl_inbox` (`inbox_id`, `inbox_nama`, `inbox_email`, `inbox_kontak`, `inbox_pesan`, `inbox_tanggal`, `inbox_status`) VALUES
(9, 'arv nabil', 'nabilalcha83@gmail.com', '0871121212', 'test inbox', '2019-11-17 13:34:22', 0);

-- --------------------------------------------------------

--
-- Struktur dari tabel `tbl_kategori`
--

CREATE TABLE `tbl_kategori` (
  `kategori_id` int(11) NOT NULL,
  `kategori_nama` varchar(30) DEFAULT NULL,
  `kategori_tanggal` timestamp NULL DEFAULT CURRENT_TIMESTAMP
) ENGINE=InnoDB DEFAULT CHARSET=latin1;

--
-- Dumping data untuk tabel `tbl_kategori`
--

INSERT INTO `tbl_kategori` (`kategori_id`, `kategori_nama`, `kategori_tanggal`) VALUES
(1, 'Pendidikan', '2016-09-06 05:49:04'),
(2, 'Politik', '2016-09-06 05:50:01'),
(3, 'Sains', '2016-09-06 05:59:39'),
(5, 'Penelitian', '2016-09-06 06:19:26'),
(6, 'Prestasi', '2016-09-07 02:51:09'),
(13, 'Olah Raga', '2017-01-13 13:20:31');

-- --------------------------------------------------------

--
-- Struktur dari tabel `tbl_kelas`
--

CREATE TABLE `tbl_kelas` (
  `kelas_id` int(11) NOT NULL,
  `kelas_nama` varchar(40) DEFAULT NULL
) ENGINE=InnoDB DEFAULT CHARSET=latin1;

--
-- Dumping data untuk tabel `tbl_kelas`
--

INSERT INTO `tbl_kelas` (`kelas_id`, `kelas_nama`) VALUES
(1, 'Kelas VII.a'),
(2, 'Kelas VII.b'),
(3, 'Kelas VII.c'),
(4, 'Kelas VII.d'),
(5, 'Kelas VII.e'),
(6, 'Kelas VII.f'),
(7, 'Kelas VII.g'),
(8, 'Kelas VIII.a'),
(9, 'Kelas VIII.b'),
(10, 'Kelas VIII.c'),
(11, 'Kelas VIII.d'),
(12, 'Kelas VIII.e'),
(13, 'Kelas VIII.f'),
(14, 'Kelas VIII.g'),
(15, 'Kelas IX.a'),
(16, 'Kelas IX.b'),
(17, 'Kelas IX.c'),
(18, 'Kelas IX.d'),
(19, 'Kelas IX.e'),
(20, 'Kelas IX.f'),
(21, 'Kelas IX.g'),
(22, 'Kelas IX.i'),
(23, 'Kelas IX.i'),
(24, 'Kelas IX.i'),
(25, 'Kelas IX.i'),
(26, 'Kelas IX.i'),
(27, 'Kelas IX.i'),
(28, 'Kelas IX.i'),
(29, 'Kelas IX.i'),
(30, 'Kelas IX.i'),
(31, 'Kelas IX.i'),
(32, 'Kelas IX.i'),
(33, 'Kelas IX.i');

-- --------------------------------------------------------

--
-- Struktur dari tabel `tbl_komentar`
--

CREATE TABLE `tbl_komentar` (
  `komentar_id` int(11) NOT NULL,
  `komentar_nama` varchar(30) DEFAULT NULL,
  `komentar_email` varchar(50) DEFAULT NULL,
  `komentar_isi` varchar(120) DEFAULT NULL,
  `komentar_tanggal` timestamp NULL DEFAULT CURRENT_TIMESTAMP,
  `komentar_status` varchar(2) DEFAULT NULL,
  `komentar_tulisan_id` int(11) DEFAULT NULL,
  `komentar_parent` int(11) DEFAULT '0'
) ENGINE=InnoDB DEFAULT CHARSET=latin1;

-- --------------------------------------------------------

--
-- Struktur dari tabel `tbl_log_aktivitas`
--

CREATE TABLE `tbl_log_aktivitas` (
  `log_id` int(11) NOT NULL,
  `log_nama` text,
  `log_tanggal` timestamp NULL DEFAULT CURRENT_TIMESTAMP,
  `log_ip` varchar(20) DEFAULT NULL,
  `log_pengguna_id` int(11) DEFAULT NULL,
  `log_icon` blob,
  `log_jenis_icon` varchar(50) DEFAULT NULL
) ENGINE=InnoDB DEFAULT CHARSET=latin1;

-- --------------------------------------------------------

--
-- Struktur dari tabel `tbl_pengguna`
--

CREATE TABLE `tbl_pengguna` (
  `pengguna_id` int(11) NOT NULL,
  `pengguna_nama` varchar(50) DEFAULT NULL,
  `pengguna_moto` varchar(100) DEFAULT NULL,
  `pengguna_jenkel` varchar(2) DEFAULT NULL,
  `pengguna_username` varchar(30) DEFAULT NULL,
  `pengguna_password` varchar(35) DEFAULT NULL,
  `pengguna_tentang` text,
  `pengguna_email` varchar(50) DEFAULT NULL,
  `pengguna_nohp` varchar(20) DEFAULT NULL,
  `pengguna_facebook` varchar(35) DEFAULT NULL,
  `pengguna_twitter` varchar(35) DEFAULT NULL,
  `pengguna_linkdin` varchar(35) DEFAULT NULL,
  `pengguna_google_plus` varchar(35) DEFAULT NULL,
  `pengguna_status` int(2) DEFAULT '1',
  `pengguna_level` varchar(3) DEFAULT NULL,
  `pengguna_register` timestamp NULL DEFAULT CURRENT_TIMESTAMP,
  `pengguna_photo` varchar(40) DEFAULT NULL
) ENGINE=InnoDB DEFAULT CHARSET=latin1;

--
-- Dumping data untuk tabel `tbl_pengguna`
--

INSERT INTO `tbl_pengguna` (`pengguna_id`, `pengguna_nama`, `pengguna_moto`, `pengguna_jenkel`, `pengguna_username`, `pengguna_password`, `pengguna_tentang`, `pengguna_email`, `pengguna_nohp`, `pengguna_facebook`, `pengguna_twitter`, `pengguna_linkdin`, `pengguna_google_plus`, `pengguna_status`, `pengguna_level`, `pengguna_register`, `pengguna_photo`) VALUES
(1, 'Nabil', 'Just do it', 'L', 'arvnabil1115', '25d55ad283aa400af464c76d713c07ad', 'I am a mountainner. to me mountainerring is a life', 'nabilalcha58@gmail.com', '087881049696', 'facebook.com/m_fikri_setiadi', 'twitter.com/fiver_fiver', '', '', 1, '1', '2016-09-03 06:07:55', 'user_blank.png'),
(2, 'Debby', NULL, 'L', 'david1119', 'f86885a64ad03185e1276093683b4204', NULL, 'smkwalisongo@gmail.com', '087881049696', NULL, NULL, NULL, NULL, 1, '1', '2019-11-17 09:21:25', 'user_blank.png'),
(3, 'Angga', NULL, 'L', 'author', '827ccb0eea8a706c4c34a16891f84e7b', NULL, 'angga123@gmail.com', '0872653535', NULL, NULL, NULL, NULL, 1, '2', '2019-11-17 16:50:12', 'user_blank.png');

-- --------------------------------------------------------

--
-- Struktur dari tabel `tbl_pengumuman`
--

CREATE TABLE `tbl_pengumuman` (
  `pengumuman_id` int(11) NOT NULL,
  `pengumuman_judul` varchar(150) DEFAULT NULL,
  `pengumuman_deskripsi` text,
  `pengumuman_tanggal` timestamp NULL DEFAULT CURRENT_TIMESTAMP,
  `pengumuman_author` varchar(60) DEFAULT NULL
) ENGINE=InnoDB DEFAULT CHARSET=latin1;

--
-- Dumping data untuk tabel `tbl_pengumuman`
--

INSERT INTO `tbl_pengumuman` (`pengumuman_id`, `pengumuman_judul`, `pengumuman_deskripsi`, `pengumuman_tanggal`, `pengumuman_author`) VALUES
(1, 'Pengumuman Libur Semester Ganjil Tahun Ajaran 2019-2020', 'Libur semester ganjil tahun ajaran 2019-2020 dimulai dari tanggal 3 Maret 2019 sampai dengan tanggal 7 Maret 2019.', '2019-01-21 01:17:30', 'Nabil'),
(2, 'Pengumuman Pembagian Raport Semester Ganjil Tahun Ajaran 2019-2020', 'Menjelang berakhirnya proses belajar-mengajar di semester ganjil tahun ajaran 2019-2020, maka akan diadakan pembagian hasil belajar/raport pada tanggal 4 Maret 2017 pukul 07.30 WIB.\r\nYang bertempat di SMK Walisongo Jakarta. Raport diambil oleh orang tua/wali kelas murid masing-masing', '2019-01-21 01:16:20', 'Nabil'),
(3, 'Pengumuman Peresmian dan Launching Website Perdana SMK Walisongo Jakarta', 'Peresmian dan launching website resmi SMK Walisongo Jakarta akan diadakan pada hari 23 Desember 2020 pukul 10.00, bertepatan dengan pembagian raport semester ganjil tahun ajaran 2019-2020', '2019-01-22 07:16:16', 'Nabil'),
(4, 'Pengumuman Proses Belajar Mengajar di Semester Genap Tahun Ajaran 2019-2020', 'Setelah libur semester ganjil tahun ajaran 2019-2020, proses belajar mengajar di semester genap tahun ajaran 2019-2020 mulai aktif kembali tanggal 2 Maret 2020.', '2019-01-22 07:15:28', 'Nabil');

-- --------------------------------------------------------

--
-- Struktur dari tabel `tbl_pengunjung`
--

CREATE TABLE `tbl_pengunjung` (
  `pengunjung_id` int(11) NOT NULL,
  `pengunjung_tanggal` timestamp NULL DEFAULT CURRENT_TIMESTAMP,
  `pengunjung_ip` varchar(40) DEFAULT NULL,
  `pengunjung_perangkat` varchar(100) DEFAULT NULL
) ENGINE=InnoDB DEFAULT CHARSET=latin1;

--
-- Dumping data untuk tabel `tbl_pengunjung`
--

INSERT INTO `tbl_pengunjung` (`pengunjung_id`, `pengunjung_tanggal`, `pengunjung_ip`, `pengunjung_perangkat`) VALUES
(932, '2019-11-17 17:15:19', '::1', 'Chrome'),
(933, '2019-11-19 03:58:55', '::1', 'Chrome'),
(934, '2019-11-26 02:40:12', '::1', 'Chrome');

-- --------------------------------------------------------

--
-- Struktur dari tabel `tbl_siswa`
--

CREATE TABLE `tbl_siswa` (
  `siswa_id` int(11) NOT NULL,
  `siswa_nis` varchar(20) DEFAULT NULL,
  `siswa_nama` varchar(70) DEFAULT NULL,
  `siswa_jenkel` varchar(2) DEFAULT NULL,
  `siswa_kelas_id` int(11) DEFAULT NULL,
  `siswa_photo` varchar(40) DEFAULT NULL
) ENGINE=InnoDB DEFAULT CHARSET=latin1;

--
-- Dumping data untuk tabel `tbl_siswa`
--

INSERT INTO `tbl_siswa` (`siswa_id`, `siswa_nis`, `siswa_nama`, `siswa_jenkel`, `siswa_kelas_id`, `siswa_photo`) VALUES
(1, '9287482', 'Alvaro Sanchez', 'L', 3, 'user_blank.png'),
(2, '9287483', 'Ririn Cantika', 'P', 11, 'user_blank.png'),
(4, '123083', 'Ari Hidayat', 'L', 1, 'user_blank.png'),
(5, '123084', 'Irma Chaiyo', 'P', 16, 'user_blank.png'),
(6, '123085', 'Nadila Ginting', 'P', 1, 'user_blank.png'),
(7, '123086', 'Anna Marina', 'P', 1, 'user_blank.png'),
(8, '123086', 'Dhea Lubis', 'P', 16, 'user_blank.png'),
(9, '123087', 'Nadia Ginting', 'P', 1, 'user_blank.png'),
(10, '123088', 'Mita Febrina', 'P', 1, 'user_blank.png'),
(11, '123089', 'Elizabeth ', 'P', 1, 'user_blank.png'),
(12, '123090', 'Della Guswono', 'P', 1, 'user_blank.png'),
(13, '9991212121', 'Bedul', 'L', 8, NULL);

-- --------------------------------------------------------

--
-- Struktur dari tabel `tbl_testimoni`
--

CREATE TABLE `tbl_testimoni` (
  `testimoni_id` int(11) NOT NULL,
  `testimoni_nama` varchar(30) DEFAULT NULL,
  `testimoni_isi` varchar(120) DEFAULT NULL,
  `testimoni_email` varchar(35) DEFAULT NULL,
  `testimoni_tanggal` timestamp NULL DEFAULT CURRENT_TIMESTAMP
) ENGINE=InnoDB DEFAULT CHARSET=latin1;

-- --------------------------------------------------------

--
-- Struktur dari tabel `tbl_tulisan`
--

CREATE TABLE `tbl_tulisan` (
  `tulisan_id` int(11) NOT NULL,
  `tulisan_judul` varchar(100) DEFAULT NULL,
  `tulisan_isi` text,
  `tulisan_tanggal` timestamp NULL DEFAULT CURRENT_TIMESTAMP,
  `tulisan_kategori_id` int(11) DEFAULT NULL,
  `tulisan_kategori_nama` varchar(30) DEFAULT NULL,
  `tulisan_views` int(11) DEFAULT '0',
  `tulisan_gambar` varchar(40) DEFAULT NULL,
  `tulisan_pengguna_id` int(11) DEFAULT NULL,
  `tulisan_author` varchar(40) DEFAULT NULL,
  `tulisan_img_slider` int(2) NOT NULL DEFAULT '0',
  `tulisan_slug` varchar(200) DEFAULT NULL
) ENGINE=InnoDB DEFAULT CHARSET=latin1;

--
-- Dumping data untuk tabel `tbl_tulisan`
--

INSERT INTO `tbl_tulisan` (`tulisan_id`, `tulisan_judul`, `tulisan_isi`, `tulisan_tanggal`, `tulisan_kategori_id`, `tulisan_kategori_nama`, `tulisan_views`, `tulisan_gambar`, `tulisan_pengguna_id`, `tulisan_author`, `tulisan_img_slider`, `tulisan_slug`) VALUES
(20, 'Persiapan siswa menjelang ujian nasional', '<p>Banyak metode bejalar yang dilakukan oleh siswa untuk persiapan menghadapi ujian nasional (UN). Biantaranya mengingat dengan metode Mind Map, ataupun bejalar diluar kelas (outdoor).&nbsp; Ini adalah sampel artikel Ini adalah sampel artikel Ini adalah sampel artikel Ini adalah sampel artikel Ini adalah sampel artikel Ini adalah sampel artikel Ini adalah sampel artikel Ini adalah sampel artikel Ini adalah sampel artikel Ini adalah sampel artikel Ini adalah sampel artikel Ini adalah sampel artikel Ini adalah sampel artikel Ini adalah sampel artikel Ini adalah sampel artikel.</p>\r\n\r\n<p>&nbsp;</p>\r\n\r\n<p>Ini adalah sampel artikel Ini adalah sampel artikel Ini adalah sampel artikel Ini adalah sampel artikel Ini adalah sampel artikel Ini adalah sampel artikel Ini adalah sampel artikel Ini adalah sampel artikel Ini adalah sampel artikel Ini adalah sampel artikel Ini adalah sampel artikel Ini adalah sampel artikel Ini adalah sampel artikel Ini adalah sampel artikel Ini adalah sampel artikel Ini adalah sampel artikel Ini adalah sampel artikel Ini adalah sampel artikel Ini adalah sampel artikel Ini adalah sampel artikel Ini adalah sampel artikel Ini adalah sampel artikel Ini adalah sampel artikel Ini adalah sampel artikel Ini adalah sampel artikel Ini adalah sampel artikel Ini adalah sampel artikel Ini adalah sampel artikel Ini adalah sampel artikel Ini adalah sampel artikel Ini adalah sampel artikel Ini adalah sampel artikel Ini adalah sampel artikel Ini adalah sampel artikel.</p>\r\n\r\n<p>&nbsp;</p>\r\n\r\n<p>Ini adalah sampel artikel Ini adalah sampel artikel Ini adalah sampel artikel Ini adalah sampel artikel Ini adalah sampel artikel Ini adalah sampel artikel Ini adalah sampel artikel Ini adalah sampel artikel Ini adalah sampel artikel Ini adalah sampel artikel Ini adalah sampel artikel Ini adalah sampel artikel Ini adalah sampel artikel Ini adalah sampel artikel Ini adalah sampel artikel Ini adalah sampel artikel Ini adalah sampel artikel Ini adalah sampel artikel Ini adalah sampel artikel Ini adalah sampel artikel Ini adalah sampel artikel Ini adalah sampel artikel.</p>\r\n\r\n<p>&nbsp;</p>\r\n\r\n<p>Ini adalah sampel artikel Ini adalah sampel artikel Ini adalah sampel artikel Ini adalah sampel artikel Ini adalah sampel artikel Ini adalah sampel artikel Ini adalah sampel artikel Ini adalah sampel artikel Ini adalah sampel artikel Ini adalah sampel artikel Ini adalah sampel artikel Ini adalah sampel artikel Ini adalah sampel artikel Ini adalah sampel artikel Ini adalah sampel artikel Ini adalah sampel artikel Ini adalah sampel artikel Ini adalah sampel artikel.</p>\r\n\r\n<p>&nbsp;</p>\r\n\r\n<p>Ini adalah sampel artikel Ini adalah sampel artikel Ini adalah sampel artikel Ini adalah sampel artikel Ini adalah sampel artikel Ini adalah sampel artikel Ini adalah sampel artikel Ini adalah sampel artikel Ini adalah sampel artikel Ini adalah sampel artikel Ini adalah sampel artikel Ini adalah sampel artikel Ini adalah sampel artikel Ini adalah sampel artikel Ini adalah sampel artikel Ini adalah sampel artikel Ini adalah sampel artikel Ini adalah sampel artikel Ini adalah sampel artikel Ini adalah sampel artikel Ini adalah sampel artikel Ini adalah sampel artikel Ini adalah sampel artikel Ini adalah sampel artikel Ini adalah sampel artikel.</p>\r\n\r\n<p>&nbsp;</p>\r\n\r\n<p>Ini adalah sampel artikel Ini adalah sampel artikel Ini adalah sampel artikel Ini adalah sampel artikel Ini adalah sampel artikel Ini adalah sampel artikel Ini adalah sampel artikel Ini adalah sampel artikel Ini adalah sampel artikel Ini adalah sampel artikel Ini adalah sampel artikel.</p>\r\n', '2019-05-17 09:24:42', 1, 'Pendidikan', 30, '89296085bd6c53d9d2f6955f02266035.jpg', 1, 'Nabil', 0, 'persiapan-siswa-menjelang-ujian-nasional'),
(22, 'Prestasi membangga dari siswa SMK Walisongo', '<p>Prestasi dan penghargaan merupakan trigger (pemicu) semangat belajar siswa. Ada banyak prestasi yang telah diraih oleh siswa m-sekolah. Ini adalah sampel artikel Ini adalah sampel artikel Ini adalah sampel artikel Ini adalah sampel artikel Ini adalah sampel artikel Ini adalah sampel artikel.</p>\r\n\r\n<p>Ini adalah sampel artikel Ini adalah sampel artikel Ini adalah sampel artikel Ini adalah sampel artikel Ini adalah sampel artikel Ini adalah sampel artikel Ini adalah sampel artikel Ini adalah sampel artikel Ini adalah sampel artikel Ini adalah sampel artikel Ini adalah sampel artikel Ini adalah sampel artikel Ini adalah sampel artikel Ini adalah sampel artikel Ini adalah sampel artikel Ini adalah sampel artikel Ini adalah sampel artikel Ini adalah sampel artikel Ini adalah sampel artikel.</p>\r\n\r\n<p>Ini adalah sampel artikel Ini adalah sampel artikel Ini adalah sampel artikel Ini adalah sampel artikel Ini adalah sampel artikel Ini adalah sampel artikel Ini adalah sampel artikel Ini adalah sampel artikel Ini adalah sampel artikel.</p>\r\n\r\n<p>Ini adalah sampel artikel Ini adalah sampel artikel Ini adalah sampel artikel Ini adalah sampel artikel Ini adalah sampel artikel Ini adalah sampel artikel Ini adalah sampel artikel Ini adalah sampel artikel Ini adalah sampel artikel Ini adalah sampel artikel Ini adalah sampel artikel Ini adalah sampel artikel Ini adalah sampel artikel Ini adalah sampel artikel Ini adalah sampel artikel Ini adalah sampel artikel Ini adalah sampel artikel Ini adalah sampel artikel.</p>\r\n\r\n<p>Ini adalah sampel artikel Ini adalah sampel artikel Ini adalah sampel artikel Ini adalah sampel artikel Ini adalah sampel artikel Ini adalah sampel artikel Ini adalah sampel artikel Ini adalah sampel artikel Ini adalah sampel artikel Ini adalah sampel artikel Ini adalah sampel artikel Ini adalah sampel artikel Ini adalah sampel artikel Ini adalah sampel artikel Ini adalah sampel artikel Ini adalah sampel artikel Ini adalah sampel artikel Ini adalah sampel artikel Ini adalah sampel artikel Ini adalah sampel artikel Ini adalah sampel artikel Ini adalah sampel artikel Ini adalah sampel artikel.</p>\r\n\r\n<p>Ini adalah sampel artikel Ini adalah sampel artikel Ini adalah sampel artikel Ini adalah sampel artikel Ini adalah sampel artikel Ini adalah sampel artikel Ini adalah sampel artikel Ini adalah sampel artikel Ini adalah sampel artikel Ini adalah sampel artikel Ini adalah sampel artikel Ini adalah sampel artikel Ini adalah sampel artikel Ini adalah sampel artikel Ini adalah sampel artikel Ini adalah sampel artikel Ini adalah sampel artikel Ini adalah sampel artikel Ini adalah sampel artikel.</p>\r\n', '2019-05-17 09:38:21', 6, 'Prestasi', 3, '89296085bd6c53d9d2f6955f02266035.jpg', 1, 'Nabil', 0, 'prestasi-membangga-dari-siswa-smpn-11'),
(23, 'Pelaksanaan Ujian Nasional SMK Walisongo', '<p>Pelaksanaan UN (Ujian Nasional) di sekolah SMPN 11&nbsp;berlangsung tentram dan damai. Terlihat ketenangan terpancar diwajah siswa berprestasi.&nbsp; Ini adalah sampel artikel Ini adalah sampel artikel&nbsp; Ini adalah sampel artikel Ini adalah sampel artikel Ini adalah sampel artikel Ini adalah sampel artikel Ini adalah sampel artikel Ini adalah sampel artikel.</p>\r\n\r\n<p>Ini adalah sampel artikel Ini adalah sampel artikel Ini adalah sampel artikel Ini adalah sampel artikel Ini adalah sampel artikel Ini adalah sampel artikel Ini adalah sampel artikel Ini adalah sampel artikel.</p>\r\n\r\n<p>Ini adalah sampel artikel Ini adalah sampel artikel Ini adalah sampel artikel Ini adalah sampel artikel Ini adalah sampel artikel Ini adalah sampel artikel Ini adalah sampel artikel Ini adalah sampel artikel Ini adalah sampel artikel Ini adalah sampel artikel Ini adalah sampel artikel Ini adalah sampel artikel Ini adalah sampel artikel Ini adalah sampel artikel Ini adalah sampel artikel Ini adalah sampel artikel Ini adalah sampel artikel Ini adalah sampel artikel Ini adalah sampel artikel Ini adalah sampel artikel.</p>\r\n\r\n<p>Ini adalah sampel artikel Ini adalah sampel artikel Ini adalah sampel artikel Ini adalah sampel artikel Ini adalah sampel artikel Ini adalah sampel artikel Ini adalah sampel artikel Ini adalah sampel artikel Ini adalah sampel artikel Ini adalah sampel artikel Ini adalah sampel artikel Ini adalah sampel artikel Ini adalah sampel artikel Ini adalah sampel artikel Ini adalah sampel artikel Ini adalah sampel artikel Ini adalah sampel artikel Ini adalah sampel artikel Ini adalah sampel artikel.</p>\r\n\r\n<p>Ini adalah sampel artikel Ini adalah sampel artikel Ini adalah sampel artikel Ini adalah sampel artikel Ini adalah sampel artikel Ini adalah sampel artikel Ini adalah sampel artikel Ini adalah sampel artikel Ini adalah sampel artikel Ini adalah sampel artikel Ini adalah sampel artikel Ini adalah sampel artikel Ini adalah sampel artikel Ini adalah sampel artikel Ini adalah sampel artikel Ini adalah sampel artikel Ini adalah sampel artikel Ini adalah sampel artikel Ini adalah sampel artikel.</p>\r\n', '2019-05-17 09:41:30', 1, 'Pendidikan', 3, '89296085bd6c53d9d2f6955f02266035.jpg', 1, 'Nabil', 0, 'pelaksanaan-ujian-nasional-smk-walisongo'),
(24, 'Proses belajar mengajar SMK Walisongo', '<p>Proses belajar mengajar di sekolah SMPN 11&nbsp;&nbsp;berlangsung menyenangkan. Didukung oleh instruktur yang fun dengan metode mengajar yang tidak biasa. Ini adalah sampel artikel Ini adalah sampel artikel Ini adalah sampel artikel Ini adalah sampel artikel Ini adalah sampel artikel.</p>\r\n\r\n<p>Ini adalah sampel artikel Ini adalah sampel artikel Ini adalah sampel artikel Ini adalah sampel artikel Ini adalah sampel artikel Ini adalah sampel a Ini adalah sampel artikel Ini adalah sampel artikel Ini adalah sampel artikel Ini adalah sampel artikel Ini adalah sampel artikel Ini adalah sampel artikel Ini adalah sampel artikel artikel Ini adalah sampel artikel Ini adalah sampel artikel.</p>\r\n\r\n<p>Ini adalah sampel artikel Ini adalah sampel artikel Ini adalah sampel artikel Ini adalah sampel artikel Ini adalah sampel artikel Ini adalah sampel artikel Ini adalah sampel artikel Ini adalah sampel artikel Ini adalah sampel artikel Ini adalah sampel artikel Ini adalah sampel artikel Ini adalah sampel artikel Ini adalah sampel artikel Ini adalah sampel artikel Ini adalah sampel artikel Ini adalah sampel artikel Ini adalah sampel artikel Ini adalah sampel artikel Ini adalah sampel artikel .</p>\r\n\r\n<p>Ini adalah sampel artikel Ini adalah sampel artikel Ini adalah sampel artikel Ini adalah sampel artikel Ini adalah sampel artikel Ini adalah sampel artikel Ini adalah sampel artikel Ini adalah sampel artikel Ini adalah sampel artikel Ini adalah sampel artikel Ini adalah sampel artikel Ini adalah sampel artikel Ini adalah sampel artikel Ini adalah sampel artikel Ini adalah sampel artikel Ini adalah sampel artikel Ini adalah sampel artikel Ini adalah sampel artikel Ini adalah sampel artikel Ini adalah sampel artikel Ini adalah sampel artikel Ini adalah sampel artikel Ini adalah sampel artikel Ini adalah sampel artikel.</p>\r\n\r\n<p>Ini adalah sampel artikel Ini adalah sampel artikel Ini adalah sampel artikel Ini adalah sampel artikel Ini adalah sampel artikel Ini adalah sampel artikel Ini adalah sampel artikel Ini adalah sampel artikel Ini adalah sampel artikel Ini adalah sampel artikel Ini adalah sampel artikel Ini adalah sampel artikel Ini adalah sampel artikel Ini adalah sampel artikel Ini adalah sampel artikel Ini adalah sampel artikel Ini adalah sampel artikel Ini adalah sampel artikel Ini adalah sampel artikel Ini adalah sampel artikel.</p>\r\n', '2019-05-17 09:46:29', 1, 'Pendidikan', 175, '89296085bd6c53d9d2f6955f02266035.jpg', 1, 'Nabil', 0, 'proses-belajar-mengajar-smk-walisongo');

--
-- Indexes for dumped tables
--

--
-- Indeks untuk tabel `tbl_agenda`
--
ALTER TABLE `tbl_agenda`
  ADD PRIMARY KEY (`agenda_id`);

--
-- Indeks untuk tabel `tbl_album`
--
ALTER TABLE `tbl_album`
  ADD PRIMARY KEY (`album_id`),
  ADD KEY `album_pengguna_id` (`album_pengguna_id`);

--
-- Indeks untuk tabel `tbl_files`
--
ALTER TABLE `tbl_files`
  ADD PRIMARY KEY (`file_id`);

--
-- Indeks untuk tabel `tbl_galeri`
--
ALTER TABLE `tbl_galeri`
  ADD PRIMARY KEY (`galeri_id`),
  ADD KEY `galeri_album_id` (`galeri_album_id`),
  ADD KEY `galeri_pengguna_id` (`galeri_pengguna_id`);

--
-- Indeks untuk tabel `tbl_guru`
--
ALTER TABLE `tbl_guru`
  ADD PRIMARY KEY (`guru_id`);

--
-- Indeks untuk tabel `tbl_inbox`
--
ALTER TABLE `tbl_inbox`
  ADD PRIMARY KEY (`inbox_id`);

--
-- Indeks untuk tabel `tbl_kategori`
--
ALTER TABLE `tbl_kategori`
  ADD PRIMARY KEY (`kategori_id`);

--
-- Indeks untuk tabel `tbl_kelas`
--
ALTER TABLE `tbl_kelas`
  ADD PRIMARY KEY (`kelas_id`);

--
-- Indeks untuk tabel `tbl_komentar`
--
ALTER TABLE `tbl_komentar`
  ADD PRIMARY KEY (`komentar_id`),
  ADD KEY `komentar_tulisan_id` (`komentar_tulisan_id`);

--
-- Indeks untuk tabel `tbl_log_aktivitas`
--
ALTER TABLE `tbl_log_aktivitas`
  ADD PRIMARY KEY (`log_id`),
  ADD KEY `log_pengguna_id` (`log_pengguna_id`);

--
-- Indeks untuk tabel `tbl_pengguna`
--
ALTER TABLE `tbl_pengguna`
  ADD PRIMARY KEY (`pengguna_id`);

--
-- Indeks untuk tabel `tbl_pengumuman`
--
ALTER TABLE `tbl_pengumuman`
  ADD PRIMARY KEY (`pengumuman_id`);

--
-- Indeks untuk tabel `tbl_pengunjung`
--
ALTER TABLE `tbl_pengunjung`
  ADD PRIMARY KEY (`pengunjung_id`);

--
-- Indeks untuk tabel `tbl_siswa`
--
ALTER TABLE `tbl_siswa`
  ADD PRIMARY KEY (`siswa_id`);

--
-- Indeks untuk tabel `tbl_testimoni`
--
ALTER TABLE `tbl_testimoni`
  ADD PRIMARY KEY (`testimoni_id`);

--
-- Indeks untuk tabel `tbl_tulisan`
--
ALTER TABLE `tbl_tulisan`
  ADD PRIMARY KEY (`tulisan_id`),
  ADD KEY `tulisan_kategori_id` (`tulisan_kategori_id`),
  ADD KEY `tulisan_pengguna_id` (`tulisan_pengguna_id`);

--
-- AUTO_INCREMENT untuk tabel yang dibuang
--

--
-- AUTO_INCREMENT untuk tabel `tbl_agenda`
--
ALTER TABLE `tbl_agenda`
  MODIFY `agenda_id` int(11) NOT NULL AUTO_INCREMENT, AUTO_INCREMENT=4;

--
-- AUTO_INCREMENT untuk tabel `tbl_album`
--
ALTER TABLE `tbl_album`
  MODIFY `album_id` int(11) NOT NULL AUTO_INCREMENT, AUTO_INCREMENT=5;

--
-- AUTO_INCREMENT untuk tabel `tbl_files`
--
ALTER TABLE `tbl_files`
  MODIFY `file_id` int(11) NOT NULL AUTO_INCREMENT, AUTO_INCREMENT=13;

--
-- AUTO_INCREMENT untuk tabel `tbl_galeri`
--
ALTER TABLE `tbl_galeri`
  MODIFY `galeri_id` int(11) NOT NULL AUTO_INCREMENT, AUTO_INCREMENT=22;

--
-- AUTO_INCREMENT untuk tabel `tbl_guru`
--
ALTER TABLE `tbl_guru`
  MODIFY `guru_id` int(11) NOT NULL AUTO_INCREMENT, AUTO_INCREMENT=9;

--
-- AUTO_INCREMENT untuk tabel `tbl_inbox`
--
ALTER TABLE `tbl_inbox`
  MODIFY `inbox_id` int(11) NOT NULL AUTO_INCREMENT, AUTO_INCREMENT=10;

--
-- AUTO_INCREMENT untuk tabel `tbl_kategori`
--
ALTER TABLE `tbl_kategori`
  MODIFY `kategori_id` int(11) NOT NULL AUTO_INCREMENT, AUTO_INCREMENT=14;

--
-- AUTO_INCREMENT untuk tabel `tbl_kelas`
--
ALTER TABLE `tbl_kelas`
  MODIFY `kelas_id` int(11) NOT NULL AUTO_INCREMENT, AUTO_INCREMENT=34;

--
-- AUTO_INCREMENT untuk tabel `tbl_komentar`
--
ALTER TABLE `tbl_komentar`
  MODIFY `komentar_id` int(11) NOT NULL AUTO_INCREMENT;

--
-- AUTO_INCREMENT untuk tabel `tbl_log_aktivitas`
--
ALTER TABLE `tbl_log_aktivitas`
  MODIFY `log_id` int(11) NOT NULL AUTO_INCREMENT;

--
-- AUTO_INCREMENT untuk tabel `tbl_pengguna`
--
ALTER TABLE `tbl_pengguna`
  MODIFY `pengguna_id` int(11) NOT NULL AUTO_INCREMENT, AUTO_INCREMENT=4;

--
-- AUTO_INCREMENT untuk tabel `tbl_pengumuman`
--
ALTER TABLE `tbl_pengumuman`
  MODIFY `pengumuman_id` int(11) NOT NULL AUTO_INCREMENT, AUTO_INCREMENT=5;

--
-- AUTO_INCREMENT untuk tabel `tbl_pengunjung`
--
ALTER TABLE `tbl_pengunjung`
  MODIFY `pengunjung_id` int(11) NOT NULL AUTO_INCREMENT, AUTO_INCREMENT=935;

--
-- AUTO_INCREMENT untuk tabel `tbl_siswa`
--
ALTER TABLE `tbl_siswa`
  MODIFY `siswa_id` int(11) NOT NULL AUTO_INCREMENT, AUTO_INCREMENT=14;

--
-- AUTO_INCREMENT untuk tabel `tbl_testimoni`
--
ALTER TABLE `tbl_testimoni`
  MODIFY `testimoni_id` int(11) NOT NULL AUTO_INCREMENT;

--
-- AUTO_INCREMENT untuk tabel `tbl_tulisan`
--
ALTER TABLE `tbl_tulisan`
  MODIFY `tulisan_id` int(11) NOT NULL AUTO_INCREMENT, AUTO_INCREMENT=26;
COMMIT;

/*!40101 SET CHARACTER_SET_CLIENT=@OLD_CHARACTER_SET_CLIENT */;
/*!40101 SET CHARACTER_SET_RESULTS=@OLD_CHARACTER_SET_RESULTS */;
/*!40101 SET COLLATION_CONNECTION=@OLD_COLLATION_CONNECTION */;
